{
    "fileName": "yagsl.json",
    "name": "YAGSL",
    "version": "2024.4.8.6",
    "frcYear": "2024",
    "uuid": "1ccce5a4-acd2-4d18-bca3-4b8047188400",
    "mavenUrls": [
        "https://broncbotz3481.github.io/YAGSL-Lib/yagsl/repos"
    ],
    "jsonUrl": "https://broncbotz3481.github.io/YAGSL-Lib/yagsl/yagsl.json",
    "javaDependencies": [
        {
            "groupId": "swervelib",
            "artifactId": "YAGSL-java",
            "version": "2024.4.8.6"
        }
    ],
    "jniDependencies": [],
    "cppDependencies": []
}